<?xml version="1.0" encoding="UTF-8"?>
<!DOCTYPE mapper
        PUBLIC "-//mybatis.org//DTD Mapper 3.0//EN"
        "http://mybatis.org/dtd/mybatis-3-mapper.dtd">
<mapper namespace="com.example.smartgigplatformapi.mapper.CourseMapper">

    <resultMap id="BaseResultMap" type="com.example.smartgigplatformapi.entity.Course">
            <id property="courseId" column="course_id" jdbcType="INTEGER"/>
            <result property="title" column="title" jdbcType="VARCHAR"/>
            <result property="description" column="description" jdbcType="VARCHAR"/>
            <result property="category" column="category" jdbcType="VARCHAR"/>
    </resultMap>

    <sql id="Base_Column_List">
        course_id,title,description,
        category
    </sql>
</mapper>
