<?xml version="1.0" encoding="UTF-8"?>
<!DOCTYPE mapper
        PUBLIC "-//mybatis.org//DTD Mapper 3.0//EN"
        "http://mybatis.org/dtd/mybatis-3-mapper.dtd">
<mapper namespace="com.example.smartgigplatformapi.mapper.EvaluationMapper">

    <resultMap id="BaseResultMap" type="com.example.smartgigplatformapi.entity.Evaluation">
            <id property="evalId" column="eval_id" jdbcType="INTEGER"/>
            <result property="taskId" column="task_id" jdbcType="INTEGER"/>
            <result property="fromUserId" column="from_user_id" jdbcType="INTEGER"/>
            <result property="toUserId" column="to_user_id" jdbcType="INTEGER"/>
            <result property="qualityScore" column="quality_score" jdbcType="INTEGER"/>
            <result property="efficiencyScore" column="efficiency_score" jdbcType="INTEGER"/>
            <result property="honestyScore" column="honesty_score" jdbcType="INTEGER"/>
            <result property="comment" column="comment" jdbcType="VARCHAR"/>
    </resultMap>

    <sql id="Base_Column_List">
        eval_id,task_id,from_user_id,
        to_user_id,quality_score,efficiency_score,
        honesty_score,comment
    </sql>
</mapper>
