<?xml version="1.0" encoding="UTF-8"?>
<!DOCTYPE mapper
        PUBLIC "-//mybatis.org//DTD Mapper 3.0//EN"
        "http://mybatis.org/dtd/mybatis-3-mapper.dtd">
<mapper namespace="com.example.smartgigplatformapi.mapper.ReportMapper">

    <resultMap id="BaseResultMap" type="com.example.smartgigplatformapi.entity.Report">
            <id property="reportId" column="report_id" jdbcType="INTEGER"/>
            <result property="reporterId" column="reporter_id" jdbcType="INTEGER"/>
            <result property="reportedId" column="reported_id" jdbcType="INTEGER"/>
            <result property="content" column="content" jdbcType="VARCHAR"/>
            <result property="status" column="status" jdbcType="INTEGER"/>
    </resultMap>

    <sql id="Base_Column_List">
        report_id,reporter_id,reported_id,
        content,status
    </sql>
</mapper>
