<?xml version="1.0" encoding="UTF-8"?>
<!DOCTYPE mapper
        PUBLIC "-//mybatis.org//DTD Mapper 3.0//EN"
        "http://mybatis.org/dtd/mybatis-3-mapper.dtd">
<mapper namespace="com.example.smartgigplatformapi.mapper.TaskMapper">

    <resultMap id="BaseResultMap" type="com.example.smartgigplatformapi.entity.Task">
            <id property="taskId" column="task_id" jdbcType="INTEGER"/>
            <result property="title" column="title" jdbcType="VARCHAR"/>
            <result property="description" column="description" jdbcType="VARCHAR"/>
            <result property="salaryRange" column="salary_range" jdbcType="VARCHAR"/>
            <result property="location" column="location" jdbcType="VARCHAR"/>
            <result property="startTime" column="start_time" jdbcType="TIMESTAMP"/>
            <result property="endTime" column="end_time" jdbcType="TIMESTAMP"/>
            <result property="status" column="status" jdbcType="INTEGER"/>
            <result property="creatorId" column="creator_id" jdbcType="INTEGER"/>
    </resultMap>

    <sql id="Base_Column_List">
        task_id,title,description,
        salary_range,location,start_time,
        end_time,status,creator_id
    </sql>
</mapper>
