<?xml version="1.0" encoding="UTF-8"?>
<!DOCTYPE mapper
        PUBLIC "-//mybatis.org//DTD Mapper 3.0//EN"
        "http://mybatis.org/dtd/mybatis-3-mapper.dtd">
<mapper namespace="com.example.smartgigplatformapi.mapper.UserMapper">

    <resultMap id="BaseResultMap" type="com.example.smartgigplatformapi.entity.User">
            <id property="userId" column="user_id" jdbcType="INTEGER"/>
            <result property="userName" column="user_name" jdbcType="VARCHAR"/>
            <result property="password" column="password" jdbcType="VARCHAR"/>
            <result property="phone" column="phone" jdbcType="VARCHAR"/>
            <result property="email" column="email" jdbcType="VARCHAR"/>
            <result property="userType" column="user_type" jdbcType="INTEGER"/>
            <result property="isCertified" column="is_certified" jdbcType="TINYINT"/>
            <result property="creditScore" column="credit_score" jdbcType="INTEGER"/>
    </resultMap>

    <sql id="Base_Column_List">
        user_id,user_name,password,
        phone,email,user_type,
        is_certified,credit_score
    </sql>
    <insert id="register">
        INSERT INTO user (
            user_name, password, phone, email, user_type
        ) VALUES (
                     #{userName}, #{password}, #{phone}, #{email}, #{userType}
                 )
    </insert>
    <select id="findByUserName" resultMap="BaseResultMap">
        SELECT
        <include refid="Base_Column_List"/>
        FROM user
        WHERE user_name = #{userName}
    </select>
</mapper>
