<?xml version="1.0" encoding="UTF-8"?>
<!DOCTYPE mapper
        PUBLIC "-//mybatis.org//DTD Mapper 3.0//EN"
        "http://mybatis.org/dtd/mybatis-3-mapper.dtd">
<mapper namespace="com.example.smartgigplatformapi.mapper.UserCourseMapper">

    <resultMap id="BaseResultMap" type="com.example.smartgigplatformapi.entity.UserCourse">
            <id property="userCourseId" column="user_course_id" jdbcType="INTEGER"/>
            <result property="userId" column="user_id" jdbcType="INTEGER"/>
            <result property="courseId" column="course_id" jdbcType="INTEGER"/>
            <result property="progress" column="progress" jdbcType="FLOAT"/>
    </resultMap>

    <sql id="Base_Column_List">
        user_course_id,user_id,course_id,
        progress
    </sql>
</mapper>
